scenario,mean,std,ci_lower,ci_upper,min,max,n_runs
E1_Baseline,0.998547,4.582575694934985e-06,0.9985400000000001,0.99855,0.9985400000000001,0.99855,10
E2_RiyadhSeason,0.6521429999999999,0.0012057615850573338,0.649479,0.65318375,0.64875,0.6532399999999999,10
E3_Infrastructure,0.9533439999999999,0.005933334981273218,0.9449507499999998,0.9617294999999999,0.9444399999999998,0.9617699999999999,10
E4_Ramadan,0.9985459999999999,7.999999999963592e-06,0.9985300000000001,0.99855,0.9985300000000001,0.99855,10
E5_Compound,0.652093,0.0012144632559283031,0.649405,0.6531724999999999,0.64873,0.6532399999999999,10
